id,price1
2242,397.0
20532,264.0
10648,438.0
20677,1001.0
12593,400.0
11159,461.0
10680,393.0
6433,2514.0
2794,263.0
11579,639.0
13859,247.0
12260,444.0
18254,406.0
19453,509.0
8121,1040.0
9791,480.0
7402,1734.0
3205,300.0
14489,463.0
10607,642.0
3659,674.0
7625,357.0
12862,2192.0
13985,400.0
10206,506.0
6889,1697.0
17791,415.0
8920,2216.0
15762,457.0
9762,336.0
15247,709.0
14490,218.0
3545,304.0
4122,473.0
9075,396.0
17580,610.0
15546,414.0
16679,381.0
7800,413.0
10314,263.0
20247,564.0
10068,1316.0
971,301.0
3832,435.0
6052,1986.0
12718,4177.0
11469,517.0
10655,529.0
5933,466.0
7000,498.0
18084,697.0
20918,3612.0
16193,1005.0
6116,2373.0
7581,285.0
2214,410.0
19489,517.0
2592,1044.0
14541,995.0
5584,506.0
20002,533.0
341,1859.0
10363,470.0
12292,269.0
19769,532.0
4521,175.0
8402,297.0
8485,731.0
7561,426.0
9885,219.0
2582,371.0
8209,365.0
13611,572.0
13591,388.0
9676,485.0
13851,653.0
16691,501.0
17785,604.0
18685,389.0
3369,620.0
16066,534.0
3003,494.0
18981,204.0
13554,537.0
11588,360.0
16379,1633.0
12575,511.0
9249,256.0
15449,271.0
20597,410.0
12342,1095.0
9065,355.0
17968,388.0
17803,732.0
13495,692.0
11078,2008.0
19475,662.0
19860,389.0
805,510.0
1,846.0
13151,508.0
4133,858.0
446,614.0
18830,1260.0
7909,390.0
13969,1158.0
6901,2237.0
3961,3479.0
10150,1431.0
4490,386.0
5897,282.0
20844,391.0
19011,592.0
18577,470.0
3555,861.0
15716,479.0
20324,464.0
18654,2501.0
8184,307.0
4349,304.0
13737,330.0
10749,741.0
19921,497.0
15467,483.0
10725,526.0
18354,411.0
153,737.0
8961,819.0
501,491.0
18332,312.0
4068,635.0
13206,417.0
15926,403.0
20705,387.0
15433,414.0
16477,505.0
15608,532.0
4957,208.0
9095,488.0
12618,440.0
17259,230.0
6906,394.0
20713,243.0
15305,833.0
5370,422.0
20079,697.0
5574,528.0
8049,328.0
3493,3051.0
7390,605.0
12996,428.0
150,307.0
7941,422.0
16993,273.0
18502,620.0
1046,297.0
17121,393.0
15629,546.0
18932,791.0
8131,412.0
6926,378.0
11131,496.0
10941,355.0
12030,347.0
17959,643.0
14464,532.0
18288,364.0
17404,1048.0
930,2504.0
10001,624.0
7044,2914.0
17375,287.0
13231,273.0
3147,1356.0
4856,427.0
14757,584.0
14918,484.0
10947,206.0
17853,426.0
6359,982.0
14331,584.0
6111,463.0
20276,2569.0
10660,1507.0
4222,317.0
20592,582.0
1023,2261.0
14844,520.0
11145,754.0
12578,534.0
8668,250.0
18474,445.0
9807,394.0
15911,1230.0
3721,979.0
19353,954.0
17362,440.0
11120,870.0
18867,419.0
17178,361.0
6879,451.0
4802,548.0
15451,327.0
15857,498.0
3179,826.0
7258,346.0
6247,497.0
14378,434.0
9308,1165.0
8879,533.0
9484,470.0
7676,897.0
14419,567.0
19097,208.0
168,1777.0
4427,315.0
12771,564.0
17299,450.0
5118,317.0
12040,522.0
13747,506.0
18751,381.0
5227,495.0
12100,561.0
17604,402.0
1218,484.0
18775,204.0
10853,202.0
3168,274.0
14636,220.0
7927,219.0
17035,447.0
8762,326.0
2152,342.0
17152,277.0
9824,336.0
8142,3421.0
15932,582.0
1141,339.0
17330,3543.0
19889,482.0
4915,551.0
693,503.0
14449,644.0
1975,459.0
4055,537.0
13336,763.0
15678,585.0
8491,440.0
15115,403.0
14146,561.0
19296,483.0
13281,426.0
20363,380.0
13879,259.0
7859,242.0
18819,440.0
3538,619.0
13185,307.0
10595,334.0
857,685.0
7654,297.0
12429,391.0
18200,394.0
9710,532.0
12240,753.0
2939,350.0
120,299.0
11548,1165.0
5261,1085.0
5598,474.0
7679,532.0
1820,506.0
3259,525.0
623,409.0
10503,563.0
9267,565.0
16624,1429.0
20850,903.0
9821,435.0
4693,384.0
14824,593.0
14096,620.0
6149,274.0
6373,534.0
12989,669.0
5547,445.0
5420,1470.0
2058,1037.0
20958,521.0
13945,854.0
6245,435.0
15624,342.0
13317,370.0
1802,402.0
18216,385.0
17276,411.0
10247,662.0
9532,1397.0
1568,460.0
13427,528.0
12689,306.0
9955,1021.0
8860,452.0
9425,519.0
19772,858.0
5233,1365.0
12556,636.0
11977,340.0
17523,810.0
4760,1355.0
17714,231.0
12022,334.0
9905,3269.0
205,447.0
11438,222.0
13352,547.0
17203,409.0
650,548.0
11186,3632.0
6485,398.0
17370,2824.0
19084,400.0
6484,725.0
5341,448.0
8138,659.0
8708,435.0
6397,491.0
12836,430.0
12251,367.0
17860,223.0
2181,459.0
19757,725.0
143,310.0
13111,466.0
7723,788.0
13060,427.0
7508,493.0
12366,279.0
10779,364.0
11653,359.0
13751,355.0
15564,473.0
11454,290.0
10572,703.0
5140,502.0
1523,248.0
20160,1238.0
9103,337.0
14595,2409.0
9727,677.0
7265,380.0
15253,579.0
15590,1237.0
9682,396.0
15271,497.0
18032,409.0
14029,400.0
8552,552.0
15074,451.0
11288,329.0
20607,1778.0
1184,426.0
1651,355.0
7177,363.0
1834,299.0
17391,1989.0
9564,381.0
17589,511.0
2022,817.0
1552,551.0
7158,786.0
7311,242.0
20026,325.0
16405,2067.0
17235,426.0
15558,571.0
8468,569.0
7424,525.0
7307,2395.0
18602,1103.0
7421,309.0
2801,292.0
6154,236.0
3296,317.0
8568,818.0
9285,311.0
16978,449.0
17817,2017.0
7127,923.0
6890,368.0
3057,496.0
10994,761.0
10840,739.0
14037,953.0
9685,497.0
14404,344.0
9165,205.0
6006,192.0
5819,420.0
8709,474.0
18154,519.0
808,457.0
9059,579.0
15285,647.0
2081,2609.0
17823,545.0
15500,1090.0
1068,496.0
9008,712.0
4204,307.0
6919,2137.0
12720,586.0
15904,503.0
5606,326.0
8893,585.0
12084,203.0
7485,450.0
11935,845.0
17576,325.0
10746,619.0
426,625.0
364,2251.0
12415,264.0
5546,482.0
12801,607.0
4203,1885.0
12857,352.0
3163,203.0
20485,1782.0
10786,263.0
20165,534.0
8038,315.0
7474,260.0
16133,1847.0
12048,519.0
911,355.0
14767,382.0
19044,551.0
12538,496.0
11676,561.0
154,463.0
4829,1993.0
2485,574.0
15721,265.0
16235,931.0
8337,884.0
15320,526.0
6963,277.0
5470,387.0
1262,374.0
4487,701.0
4409,330.0
4027,1306.0
2,270.0
17707,625.0
10810,666.0
381,389.0
3743,539.0
6388,448.0
13531,495.0
9761,749.0
11540,383.0
10024,341.0
19053,419.0
20654,435.0
17347,236.0
7237,327.0
18971,432.0
17000,370.0
19585,356.0
14974,736.0
13045,323.0
11866,2363.0
16764,189.0
8099,378.0
10714,1170.0
7537,386.0
1828,424.0
8170,596.0
7499,360.0
18825,622.0
13661,237.0
9501,407.0
1706,604.0
2739,368.0
17997,434.0
487,458.0
7782,359.0
2373,1147.0
17478,404.0
615,723.0
3741,334.0
14957,621.0
430,404.0
2007,405.0
17652,457.0
18160,540.0
8735,358.0
18121,995.0
4125,3140.0
6897,296.0
16646,414.0
13731,561.0
4524,538.0
14108,1307.0
17782,489.0
7382,595.0
11839,509.0
15281,258.0
14840,940.0
17682,399.0
9898,595.0
18766,600.0
13555,701.0
3798,278.0
9207,415.0
10862,504.0
10624,434.0
10905,271.0
19255,508.0
18233,411.0
4872,533.0
9626,400.0
13113,521.0
18793,217.0
15019,419.0
7970,306.0
6346,1180.0
3287,551.0
9179,493.0
5523,856.0
3676,386.0
5772,369.0
18087,404.0
8476,468.0
3375,463.0
14759,488.0
13247,430.0
20691,256.0
17700,412.0
4998,424.0
8528,338.0
2700,436.0
14012,484.0
7375,381.0
12102,658.0
7804,693.0
13608,814.0
11052,461.0
13933,450.0
9043,376.0
14417,311.0
13488,655.0
13607,793.0
950,1722.0
20644,1253.0
6002,2010.0
18246,1266.0
10561,225.0
7439,211.0
20636,399.0
11782,603.0
8554,1578.0
6651,404.0
11948,448.0
17885,286.0
20649,2207.0
20433,250.0
14405,497.0
1959,593.0
17026,2568.0
10442,297.0
12912,405.0
18348,452.0
17934,2857.0
8428,461.0
6200,710.0
10687,396.0
16547,1434.0
5778,263.0
18683,2766.0
19052,1326.0
18688,572.0
18266,665.0
4292,846.0
719,675.0
18846,3057.0
12644,410.0
17614,478.0
20756,649.0
1408,322.0
19075,382.0
11681,775.0
10488,425.0
17223,649.0
10992,316.0
19379,1689.0
10896,266.0
18871,189.0
2815,388.0
18307,329.0
19536,335.0
12667,3349.0
16623,578.0
1628,482.0
17431,607.0
7934,436.0
12817,341.0
5156,362.0
6588,708.0
14847,573.0
1775,422.0
19167,637.0
2929,432.0
9609,374.0
16711,1663.0
20594,622.0
8202,1752.0
4507,362.0
1944,478.0
18003,585.0
14287,3990.0
2224,395.0
6178,383.0
6267,1217.0
10508,318.0
8089,580.0
3450,525.0
14507,511.0
18783,438.0
15726,970.0
20260,427.0
10638,542.0
10414,482.0
19375,418.0
1902,881.0
13834,539.0
11807,2677.0
741,509.0
10497,402.0
12241,1870.0
4714,440.0
8258,1926.0
13588,1314.0
17446,404.0
732,963.0
3326,2436.0
12012,295.0
5688,548.0
13342,354.0
6583,537.0
4774,911.0
6026,272.0
7111,544.0
15353,422.0
18425,799.0
2368,292.0
10979,320.0
7717,327.0
1576,261.0
7154,638.0
15871,388.0
18659,405.0
3162,404.0
5694,498.0
11042,516.0
7370,246.0
5218,629.0
7190,786.0
9020,2013.0
19313,371.0
5550,488.0
4359,524.0
17103,578.0
4795,2010.0
8197,329.0
2953,342.0
10716,1984.0
3746,630.0
14973,613.0
20578,809.0
1564,1487.0
5424,887.0
12116,466.0
20085,338.0
3762,242.0
2406,229.0
19657,345.0
7855,362.0
16586,642.0
9799,454.0
11444,306.0
11800,679.0
3107,1004.0
20285,1435.0
9080,691.0
6635,584.0
17395,476.0
12184,673.0
17100,282.0
16148,1077.0
7903,504.0
12608,942.0
666,446.0
18100,410.0
14717,457.0
13324,373.0
14189,323.0
3461,1745.0
19775,2086.0
4075,375.0
19111,562.0
7551,264.0
20848,256.0
9140,698.0
6740,691.0
15578,312.0
14791,572.0
16497,587.0
13686,988.0
20762,429.0
2364,287.0
12545,383.0
10225,819.0
13221,252.0
14812,320.0
16530,383.0
315,362.0
6953,574.0
4723,602.0
17802,835.0
11484,4113.0
1874,290.0
4649,295.0
18207,571.0
4386,244.0
6434,459.0
3069,390.0
15930,638.0
14733,428.0
3883,413.0
9445,431.0
2352,505.0
9247,405.0
15399,328.0
18039,570.0
15398,697.0
15033,350.0
4934,468.0
3224,578.0
18343,2797.0
10785,718.0
12486,2672.0
17587,573.0
11340,377.0
9742,307.0
5505,377.0
20423,236.0
15009,461.0
8734,372.0
2263,405.0
136,470.0
12916,563.0
3873,554.0
11464,408.0
4512,749.0
6069,434.0
18268,315.0
14624,502.0
10060,325.0
17500,374.0
1898,180.0
448,222.0
18279,547.0
11814,357.0
5878,393.0
20559,543.0
95,469.0
11020,620.0
20380,623.0
3868,1978.0
8365,691.0
17476,340.0
11208,326.0
3037,259.0
8940,432.0
2491,429.0
2404,706.0
20204,494.0
11037,1570.0
3814,2858.0
6838,2099.0
4456,255.0
4646,301.0
15179,1686.0
18208,332.0
10478,510.0
17102,1955.0
20097,609.0
18990,648.0
18569,1073.0
11445,332.0
20948,350.0
16346,585.0
12943,398.0
18835,448.0
1589,538.0
13127,377.0
11731,433.0
937,1825.0
7788,2900.0
8664,145.0
8067,386.0
1779,788.0
9520,619.0
6943,518.0
13212,487.0
8456,2669.0
14297,196.0
9677,466.0
19908,4445.0
11764,578.0
13543,395.0
15722,622.0
1989,309.0
11105,439.0
13906,360.0
20739,366.0
8778,836.0
6720,525.0
15000,372.0
2021,2238.0
14950,1757.0
16974,217.0
9174,570.0
10376,518.0
16875,352.0
20791,602.0
1495,850.0
14807,498.0
17196,593.0
3126,312.0
224,292.0
4431,406.0
17635,219.0
10562,496.0
18993,1378.0
16661,499.0
8248,418.0
13296,384.0
14649,1703.0
5229,1395.0
870,494.0
8417,452.0
18408,522.0
10985,387.0
14380,1767.0
1533,519.0
17366,3778.0
4062,861.0
11915,490.0
12151,503.0
10307,463.0
15813,437.0
2557,430.0
10761,1503.0
11718,330.0
16459,280.0
15032,1101.0
5471,379.0
19998,1934.0
18633,232.0
16221,364.0
9290,498.0
10743,519.0
5266,2811.0
14926,392.0
13230,515.0
15913,195.0
9147,479.0
9818,740.0
14995,1552.0
6422,212.0
15945,3294.0
17358,273.0
6020,401.0
9120,586.0
13362,1900.0
7543,653.0
13076,4699.0
10332,512.0
1861,384.0
14118,337.0
12920,405.0
17466,282.0
13515,349.0
8717,1391.0
20453,332.0
3021,235.0
16358,413.0
601,331.0
5659,490.0
3214,457.0
14901,358.0
5559,404.0
4572,504.0
2866,264.0
16079,834.0
4661,506.0
5125,348.0
2762,468.0
6515,342.0
12736,435.0
10483,698.0
15443,421.0
13449,516.0
2577,532.0
18251,371.0
5512,1960.0
18184,514.0
17022,392.0
7408,3017.0
11195,389.0
7798,514.0
14413,768.0
18543,659.0
8973,866.0
14726,277.0
13668,441.0
15631,338.0
1417,2479.0
14360,401.0
15657,467.0
11428,1671.0
12915,548.0
10781,379.0
16938,337.0
14497,2731.0
10410,894.0
8210,218.0
16391,371.0
10635,286.0
11984,649.0
11768,817.0
10128,513.0
5248,233.0
17386,608.0
9322,1135.0
4372,291.0
1203,395.0
17749,320.0
14161,393.0
1584,538.0
5954,554.0
12217,251.0
3531,377.0
16022,1863.0
9920,540.0
7151,948.0
15096,263.0
10731,523.0
1671,288.0
7975,513.0
3374,306.0
20089,1596.0
15046,263.0
8375,2117.0
18434,827.0
12944,1348.0
18201,425.0
14654,554.0
8846,243.0
19426,444.0
3002,502.0
16898,344.0
12381,543.0
5403,287.0
10636,393.0
17657,488.0
5906,698.0
20124,408.0
5467,390.0
15521,355.0
69,473.0
20890,2954.0
10868,452.0
583,649.0
10035,568.0
11101,647.0
428,396.0
5356,204.0
3399,351.0
4782,438.0
17495,301.0
10586,400.0
10653,503.0
16097,877.0
16841,490.0
4995,909.0
642,437.0
4535,445.0
19798,268.0
13801,974.0
17177,214.0
10682,937.0
20807,211.0
9953,269.0
6830,382.0
6626,330.0
14393,396.0
11830,2580.0
8703,346.0
1541,488.0
15169,397.0
9246,452.0
11356,481.0
17931,668.0
4071,411.0
15967,897.0
14434,2480.0
18395,613.0
12054,173.0
7978,719.0
3998,455.0
844,325.0
9917,356.0
789,1455.0
4380,348.0
17154,673.0
12305,871.0
10217,519.0
15029,521.0
18588,375.0
15108,614.0
4398,807.0
20298,293.0
8637,1010.0
7803,343.0
2234,442.0
18852,751.0
4917,551.0
17300,298.0
6672,396.0
4035,493.0
906,1599.0
10733,617.0
18020,853.0
9656,789.0
16982,301.0
16418,480.0
7305,461.0
14375,931.0
19926,1765.0
1192,507.0
4373,331.0
20095,587.0
17288,1217.0
19227,360.0
12811,335.0
11345,750.0
8577,425.0
13321,1647.0
9861,245.0
738,472.0
11672,1529.0
19516,527.0
12511,397.0
7145,372.0
17837,417.0
17209,1204.0
1657,248.0
3384,290.0
11526,955.0
16394,511.0
18417,295.0
20418,1281.0
5176,1231.0
555,503.0
10989,226.0
14880,434.0
1800,1230.0
17094,1821.0
5013,659.0
9176,547.0
16519,1462.0
12873,418.0
9013,2280.0
13103,279.0
6344,440.0
20034,644.0
5940,324.0
19000,2734.0
17586,361.0
8862,290.0
1050,571.0
8823,235.0
15413,392.0
3096,262.0
9433,3172.0
12871,605.0
12540,738.0
2963,520.0
11967,388.0
4236,296.0
17353,267.0
5905,183.0
13596,414.0
394,1459.0
16802,424.0
10281,723.0
8413,519.0
8791,500.0
6727,501.0
20572,1815.0
18357,734.0
509,321.0
7945,443.0
4242,248.0
13666,541.0
10176,358.0
922,691.0
20814,1245.0
20273,1300.0
17133,386.0
15485,790.0
8300,1327.0
4796,397.0
807,1686.0
14138,1518.0
14198,263.0
11049,350.0
12603,398.0
20417,389.0
9312,404.0
5492,827.0
6511,332.0
8071,3350.0
16034,1409.0
13357,291.0
7088,551.0
7694,465.0
1986,557.0
17129,415.0
8119,547.0
17122,497.0
11802,421.0
3059,472.0
13192,374.0
7120,320.0
10165,525.0
6401,272.0
4969,670.0
329,409.0
6273,1585.0
20767,294.0
3090,614.0
14579,316.0
18980,367.0
12323,255.0
18810,381.0
17398,525.0
5834,390.0
16580,742.0
13150,762.0
17130,363.0
343,359.0
15363,2213.0
31,426.0
10693,282.0
16963,494.0
15850,1394.0
10133,435.0
6309,688.0
8527,287.0
19152,397.0
17648,420.0
10526,660.0
20386,1626.0
10110,364.0
17442,376.0
20870,518.0
11243,237.0
4366,572.0
10037,2824.0
1388,341.0
5963,399.0
7414,310.0
6308,469.0
16837,735.0
19290,642.0
3582,231.0
2556,404.0
13510,901.0
5893,1304.0
13487,258.0
15973,392.0
6692,471.0
13844,349.0
15616,389.0
12198,445.0
6159,527.0
19871,470.0
2725,506.0
16158,604.0
470,1429.0
2702,447.0
15632,406.0
12542,1040.0
10437,422.0
4611,484.0
16822,449.0
19294,226.0
11324,396.0
6970,653.0
10175,296.0
14822,651.0
1833,2431.0
9640,424.0
9476,302.0
2194,255.0
5673,490.0
17385,616.0
641,2105.0
9098,449.0
13575,380.0
20579,538.0
6887,440.0
18403,381.0
17460,483.0
12092,2066.0
7170,225.0
13416,599.0
14954,215.0
316,847.0
5764,428.0
10121,372.0
14026,492.0
6659,389.0
3665,438.0
13956,393.0
20288,209.0
674,516.0
20179,318.0
13764,394.0
19311,463.0
10319,228.0
9049,439.0
2061,336.0
20293,249.0
8646,410.0
11538,512.0
2809,402.0
8722,448.0
17445,292.0
10457,597.0
921,381.0
20788,1150.0
6698,1366.0
14538,411.0
20712,207.0
12747,305.0
535,1067.0
15592,408.0
2878,442.0
15334,713.0
6360,865.0
6942,391.0
5301,690.0
5848,469.0
4721,1112.0
1610,262.0
1015,1215.0
11581,296.0
20931,255.0
13558,286.0
2329,305.0
5917,313.0
5877,961.0
19994,590.0
13527,398.0
17744,469.0
12659,475.0
13916,548.0
7539,2025.0
13249,706.0
12711,330.0
1755,911.0
11128,655.0
12205,284.0
8705,253.0
2232,504.0
18611,322.0
17789,361.0
2494,409.0
5151,259.0
14246,1549.0
12316,780.0
2347,701.0
8964,596.0
16951,304.0
6391,660.0
1359,494.0
19461,359.0
13326,913.0
12248,302.0
14094,292.0
3151,1332.0
11402,519.0
20093,400.0
18520,1371.0
14642,1886.0
4462,592.0
4143,413.0
20601,670.0
1531,275.0
16052,478.0
20359,548.0
7880,448.0
10554,249.0
19335,290.0
6225,585.0
13233,202.0
7790,379.0
13070,321.0
13865,367.0
12704,347.0
9487,519.0
13049,1920.0
7415,503.0
17230,416.0
14134,490.0
6522,388.0
7171,415.0
16012,509.0
6163,656.0
14193,646.0
8238,653.0
17513,508.0
4468,536.0
20810,337.0
14407,516.0
18848,1591.0
18010,566.0
17017,559.0
10423,515.0
17901,721.0
8046,378.0
10436,498.0
12247,470.0
5658,656.0
18698,227.0
18171,344.0
18433,421.0
12237,701.0
17101,410.0
10309,252.0
12283,439.0
14077,1800.0
4958,426.0
3207,345.0
4289,205.0
17571,932.0
4783,838.0
859,615.0
17578,3315.0
3176,469.0
2889,1195.0
231,230.0
449,1689.0
7937,213.0
6197,480.0
15612,280.0
181,597.0
18562,886.0
3243,1377.0
14858,254.0
5267,387.0
5892,165.0
16868,348.0
12888,217.0
1189,1213.0
1854,614.0
6039,366.0
3647,500.0
3729,308.0
17340,627.0
5258,509.0
5648,419.0
16339,300.0
10728,1312.0
990,637.0
5894,623.0
11311,199.0
3572,428.0
18586,599.0
1979,871.0
2796,329.0
17787,298.0
11983,457.0
14355,1478.0
1724,557.0
18601,905.0
17813,224.0
8867,438.0
617,357.0
13701,581.0
7604,603.0
18555,561.0
11804,464.0
16121,2205.0
16007,1518.0
7920,303.0
13730,410.0
19654,671.0
14797,423.0
15719,495.0
19944,282.0
4882,1781.0
15333,548.0
10199,487.0
16636,499.0
20938,436.0
15396,656.0
16217,432.0
19827,1762.0
1749,521.0
16980,236.0
15838,339.0
12449,485.0
19260,461.0
13755,441.0
14593,229.0
6870,244.0
19738,357.0
5394,504.0
3544,430.0
8795,534.0
16954,436.0
5232,321.0
14513,1605.0
5209,472.0
11779,484.0
1265,907.0
12759,320.0
4880,642.0
17124,463.0
20270,296.0
2435,2228.0
363,364.0
18298,2970.0
18924,543.0
14274,574.0
20771,497.0
1481,300.0
12917,296.0
4389,289.0
17283,433.0
5305,2461.0
5217,474.0
20779,516.0
9618,731.0
10588,472.0
2056,485.0
1090,453.0
13982,413.0
13831,327.0
17844,1107.0
4791,453.0
10515,293.0
8072,430.0
12568,493.0
12566,411.0
4873,376.0
19331,734.0
6548,3975.0
6045,2030.0
8647,488.0
2639,452.0
11180,350.0
18589,1657.0
17294,270.0
15972,950.0
352,538.0
8830,249.0
8874,269.0
1437,1380.0
11810,407.0
10661,460.0
6113,408.0
15446,433.0
4263,447.0
16570,451.0
4231,473.0
6281,351.0
16250,310.0
5365,341.0
54,418.0
12749,364.0
586,481.0
6315,606.0
10280,585.0
12388,586.0
638,471.0
3482,385.0
3252,305.0
6718,325.0
12353,361.0
2116,474.0
7219,563.0
12639,250.0
18642,1779.0
10841,762.0
13081,542.0
13302,343.0
16466,350.0
9580,627.0
8437,396.0
6131,591.0
2714,1640.0
4551,441.0
8185,1768.0
5101,373.0
15070,1048.0
5092,561.0
145,389.0
7029,411.0
582,384.0
8713,376.0
12809,221.0
13886,418.0
20385,362.0
11432,506.0
14455,456.0
14651,396.0
10529,217.0
9090,147.0
4748,591.0
11749,518.0
5020,415.0
20024,552.0
18722,329.0
4241,467.0
28,913.0
6554,561.0
3806,421.0
4215,234.0
6366,631.0
13333,489.0
14925,435.0
16549,394.0
14293,147.0
13830,343.0
17328,306.0
3240,531.0
5418,392.0
2732,2016.0
18677,433.0
3853,334.0
12993,302.0
9883,469.0
7837,404.0
10209,1900.0
14523,342.0
954,456.0
7529,349.0
17651,393.0
19572,366.0
11354,1089.0
9743,416.0
987,295.0
20551,1968.0
16348,301.0
11079,690.0
11025,722.0
12062,497.0
13123,838.0
14494,732.0
3830,409.0
5653,419.0
20027,591.0
10559,410.0
14838,3263.0
2297,534.0
16677,2778.0
14425,207.0
12232,329.0
9369,364.0
5993,247.0
4322,427.0
8553,1694.0
20144,369.0
17176,885.0
16897,330.0
19312,271.0
12393,515.0
704,506.0
15569,490.0
16157,663.0
3990,391.0
12239,2104.0
20480,623.0
16495,403.0
15855,506.0
11959,652.0
7349,366.0
4840,413.0
3412,463.0
4582,548.0
19425,619.0
6555,563.0
9739,282.0
18236,350.0
17082,519.0
768,476.0
2331,442.0
19512,1076.0
9613,660.0
17510,676.0
11738,574.0
6503,388.0
10692,3478.0
777,427.0
10600,308.0
9171,499.0
14484,518.0
4169,724.0
11319,339.0
912,822.0
6641,827.0
5737,639.0
10296,567.0
15950,392.0
16582,558.0
8135,327.0
5712,333.0
12982,469.0
5486,2847.0
11784,1775.0
12671,624.0
5159,444.0
9347,463.0
843,1752.0
12480,600.0
5368,374.0
11624,1379.0
73,765.0
12202,251.0
17417,535.0
16194,2664.0
7232,435.0
12882,526.0
10689,276.0
15160,418.0
9823,447.0
568,445.0
16630,380.0
18618,824.0
3933,540.0
9951,522.0
10003,1055.0
2515,2529.0
645,463.0
10262,384.0
10599,388.0
13808,309.0
528,270.0
6680,418.0
17991,2009.0
17568,474.0
16145,380.0
16825,381.0
18143,436.0
14966,829.0
19746,2160.0
15344,314.0
3568,477.0
11008,658.0
19528,380.0
4152,579.0
14873,328.0
9450,373.0
15982,1015.0
10966,731.0
9340,487.0
19113,333.0
1019,663.0
15133,2085.0
8689,444.0
5166,468.0
9669,270.0
15994,438.0
17890,1007.0
13052,489.0
8148,204.0
679,702.0
20511,753.0
5419,462.0
19783,2226.0
8977,917.0
5242,401.0
11958,195.0
7015,302.0
9453,193.0
13381,609.0
17541,242.0
1422,2131.0
227,657.0
16880,398.0
1723,539.0
2587,375.0
19509,379.0
3217,145.0
3089,497.0
822,566.0
8458,395.0
17410,273.0
12441,258.0
7407,1560.0
6239,2377.0
17936,344.0
6407,461.0
20675,473.0
13267,288.0
16660,266.0
17257,504.0
14568,291.0
232,490.0
4252,272.0
2947,600.0
3920,529.0
12913,317.0
5291,496.0
7759,1224.0
5243,401.0
8772,1043.0
2025,433.0
10767,3167.0
9155,185.0
8186,240.0
4017,463.0
3180,3318.0
3753,880.0
16063,430.0
17192,444.0
3927,310.0
11201,435.0
1438,899.0
11419,401.0
14572,710.0
12936,2676.0
15303,569.0
18243,362.0
6400,392.0
19602,507.0
6556,1872.0
15447,641.0
19707,219.0
19276,412.0
15342,416.0
15953,446.0
18033,537.0
20025,2258.0
16699,1036.0
4039,471.0
18042,294.0
17591,663.0
13636,413.0
18167,625.0
1350,412.0
6976,307.0
13436,535.0
1731,562.0
18469,504.0
3645,1196.0
661,757.0
18358,1966.0
19220,206.0
1784,898.0
19153,2458.0
5452,3774.0
15496,408.0
7325,959.0
5633,3161.0
6896,424.0
11291,281.0
5235,696.0
5085,249.0
12037,390.0
12945,639.0
2790,569.0
13106,381.0
17111,653.0
3351,432.0
15061,476.0
3738,682.0
20877,1144.0
3422,1338.0
18765,376.0
18222,366.0
18615,399.0
11113,334.0
9257,500.0
2893,247.0
602,609.0
17193,1558.0
5656,247.0
18118,691.0
13440,396.0
6289,544.0
13530,1415.0
244,359.0
4000,335.0
19246,475.0
22,317.0
19677,452.0
2477,625.0
15089,460.0
14978,320.0
7595,396.0
6034,438.0
20243,474.0
19527,429.0
249,497.0
5319,524.0
14492,553.0
1613,629.0
6614,563.0
7958,4215.0
18913,445.0
14528,724.0
20086,524.0
5212,341.0
8306,420.0
11363,1050.0
17388,440.0
9952,281.0
7747,656.0
19700,439.0
503,300.0
16647,384.0
16467,896.0
20172,402.0
17380,404.0
6023,237.0
16849,520.0
15677,545.0
8426,396.0
7866,562.0
17452,362.0
19929,921.0
8543,717.0
20307,598.0
12837,1271.0
9778,485.0
8313,317.0
4030,501.0
17244,2611.0
12976,311.0
7983,2120.0
1133,1307.0
14899,221.0
16015,599.0
3863,681.0
2466,691.0
6005,445.0
10758,503.0
3934,228.0
1997,545.0
4663,573.0
5980,474.0
16295,358.0
17926,458.0
1831,258.0
6935,835.0
12164,469.0
2671,1432.0
20840,324.0
6600,3053.0
10832,523.0
2990,607.0
4984,537.0
11670,1366.0
16218,569.0
11487,1150.0
9306,3656.0
8789,521.0
14353,1676.0
15764,587.0
6053,741.0
215,1061.0
6055,1766.0
19886,379.0
4769,336.0
9067,509.0
18808,755.0
722,576.0
15940,946.0
11707,502.0
12783,505.0
16583,556.0
14586,192.0
19758,469.0
15769,334.0
4600,402.0
9150,323.0
2860,454.0
19197,863.0
11261,531.0
7497,493.0
11688,387.0
208,469.0
18260,946.0
8582,338.0
19882,404.0
12061,457.0
137,308.0
17565,479.0
4147,533.0
3250,240.0
740,559.0
2505,348.0
13389,490.0
2147,447.0
10568,295.0
18671,419.0
17051,567.0
12302,1055.0
2960,504.0
11555,412.0
15045,1038.0
1553,321.0
2187,1132.0
16526,983.0
6774,248.0
6495,484.0
14596,469.0
13466,694.0
112,921.0
16813,940.0
5680,2420.0
7300,565.0
15846,397.0
17125,624.0
20639,269.0
13407,152.0
6236,648.0
7615,356.0
3407,626.0
10170,1384.0
20297,521.0
20164,277.0
19733,320.0
6443,511.0
15740,478.0
5416,664.0
10084,567.0
15260,493.0
9653,255.0
12406,428.0
9113,544.0
3942,766.0
8097,308.0
14919,394.0
4570,487.0
10518,425.0
1940,1468.0
3921,555.0
6690,464.0
2948,602.0
20378,329.0
6764,423.0
4109,1212.0
9014,651.0
956,526.0
3507,474.0
15873,462.0
13744,518.0
14872,423.0
10444,2290.0
14794,524.0
6051,421.0
5214,2951.0
20782,517.0
4937,716.0
8345,259.0
17754,541.0
14517,568.0
4722,479.0
9116,169.0
11825,435.0
19403,323.0
18726,905.0
3307,2011.0
7428,396.0
6220,250.0
13044,541.0
3264,461.0
13182,533.0
5253,310.0
20819,399.0
19661,317.0
15641,845.0
17916,517.0
19802,498.0
15345,404.0
12267,405.0
6586,525.0
3509,999.0
13178,329.0
8581,251.0
10338,1068.0
19157,678.0
17342,260.0
13117,219.0
746,476.0
46,289.0
9516,578.0
2240,370.0
13131,440.0
20331,404.0
18432,508.0
15331,2131.0
16671,571.0
4424,693.0
5610,3138.0
3092,478.0
12929,357.0
4164,518.0
5137,266.0
3348,492.0
8792,394.0
683,453.0
10814,306.0
216,424.0
17116,272.0
1204,499.0
10126,361.0
17232,588.0
5815,508.0
6019,2782.0
99,428.0
1294,334.0
15111,425.0
5250,427.0
19241,234.0
13248,785.0
9327,463.0
3111,237.0
1796,2402.0
17099,574.0
12930,460.0
2248,379.0
2353,532.0
1887,390.0
8237,906.0
20642,434.0
4161,459.0
2498,2095.0
5484,1943.0
19853,525.0
4041,3813.0
17344,655.0
19231,1235.0
19467,318.0
5516,474.0
13289,565.0
9141,305.0
2611,438.0
2183,960.0
6160,367.0
11275,299.0
8391,574.0
9674,241.0
6312,884.0
20498,436.0
12052,776.0
1514,439.0
19613,440.0
5771,234.0
10651,601.0
7017,337.0
19718,514.0
13168,2882.0
4171,797.0
19939,329.0
12835,440.0
4816,2209.0
19388,1276.0
13006,507.0
18489,902.0
18136,1100.0
7486,213.0
1546,361.0
13702,362.0
498,612.0
3302,476.0
14581,775.0
14763,525.0
19076,1276.0
17107,369.0
8898,535.0
10033,724.0
11615,1234.0
15488,450.0
11359,557.0
1618,373.0
5646,388.0
3228,425.0
16996,597.0
2578,306.0
12777,464.0
1746,425.0
7550,466.0
16545,519.0
12420,485.0
10053,301.0
17427,367.0
8462,270.0
1534,319.0
3354,452.0
9972,327.0
1247,532.0
18453,444.0
8319,652.0
8901,444.0
14614,582.0
13927,407.0
14920,2074.0
4480,913.0
2743,499.0
9111,510.0
8900,569.0
6445,489.0
9717,1333.0
7955,264.0
5456,517.0
6731,493.0
20450,298.0
875,347.0
5055,1063.0
8393,459.0
8508,2816.0
13925,367.0
19826,296.0
11840,389.0
18609,347.0
16738,325.0
1079,1157.0
12476,1578.0
10710,700.0
11730,544.0
12604,699.0
11109,302.0
9477,863.0
5608,299.0
16912,284.0
11945,440.0
15566,622.0
7532,2277.0
6831,503.0
18149,338.0
84,300.0
17145,288.0
8513,301.0
1067,483.0
17302,494.0
15420,578.0
7785,3607.0
1814,258.0
14712,185.0
6707,338.0
20250,570.0
11303,631.0
19223,234.0
10413,628.0
10753,494.0
8622,239.0
4182,541.0
6550,556.0
13386,445.0
20942,298.0
810,534.0
12146,443.0
17679,517.0
8590,276.0
7716,277.0
20336,222.0
12456,739.0
11757,419.0
6076,405.0
4990,336.0
2503,494.0
7700,1204.0
15369,2384.0
12707,2472.0
11071,340.0
8431,287.0
20858,2303.0
4351,333.0
11701,952.0
10454,392.0
17535,526.0
13490,1854.0
488,596.0
8610,300.0
12201,438.0
8537,268.0
5640,418.0
17262,403.0
16326,333.0
17199,277.0
3671,856.0
11987,372.0
10613,380.0
2949,327.0
1512,503.0
15896,777.0
5384,409.0
2067,229.0
9785,501.0
19057,461.0
13412,488.0
4585,617.0
9872,330.0
2273,499.0
20099,896.0
13224,215.0
5935,918.0
2033,477.0
913,903.0
15388,403.0
14322,290.0
14769,1993.0
75,572.0
4494,430.0
9611,502.0
19449,534.0
3048,234.0
10970,420.0
19879,766.0
11813,425.0
9829,577.0
9282,290.0
15090,664.0
16509,423.0
18979,2183.0
19553,1805.0
1061,807.0
10367,154.0
8758,2098.0
522,591.0
2686,401.0
6760,952.0
2195,741.0
14396,888.0
7406,890.0
2666,429.0
14159,432.0
12529,210.0
2010,650.0
3793,1336.0
16270,412.0
10620,838.0
9848,438.0
20150,469.0
12907,1458.0
17794,321.0
4331,2210.0
9210,498.0
19135,418.0
17319,578.0
2682,503.0
10141,1062.0
19281,317.0
1836,358.0
15536,278.0
6777,448.0
19150,527.0
9563,301.0
1809,364.0
12261,531.0
9213,325.0
3009,272.0
2867,995.0
50,2616.0
2728,203.0
3452,357.0
1777,332.0
12754,709.0
4181,811.0
18206,539.0
17227,401.0
7204,914.0
8001,301.0
678,2616.0
5677,314.0
1200,574.0
7956,502.0
8538,479.0
10087,895.0
8004,700.0
7445,746.0
2288,491.0
14516,329.0
12755,942.0
11082,596.0
2481,302.0
14510,524.0
20240,573.0
19868,388.0
13424,336.0
20764,460.0
11415,1022.0
4982,463.0
5593,737.0
20783,326.0
19232,373.0
6721,982.0
19503,504.0
9001,294.0
9217,367.0
3760,581.0
8945,448.0
7086,527.0
8954,691.0
4785,422.0
1517,439.0
3100,423.0
13473,722.0
5826,1316.0
11368,389.0
1971,527.0
1884,500.0
14673,190.0
1119,558.0
17721,430.0
6210,562.0
6847,559.0
11123,296.0
6409,358.0
9054,400.0
16101,252.0
14288,267.0
11741,678.0
4100,1038.0
19013,218.0
1878,724.0
3496,301.0
5801,579.0
4279,383.0
18680,1386.0
14742,584.0
6276,450.0
13345,411.0
12264,1342.0
9266,889.0
13897,398.0
15487,270.0
16831,605.0
978,483.0
11976,365.0
19176,428.0
17220,687.0
4481,274.0
4317,652.0
9881,436.0
12668,745.0
13498,692.0
2236,467.0
18155,416.0
18792,903.0
16960,513.0
8967,434.0
14611,986.0
11254,305.0
11500,509.0
14376,959.0
10116,1389.0
5639,553.0
15454,465.0
17967,427.0
11244,539.0
19541,245.0
6442,908.0
20295,884.0
3350,695.0
3799,418.0
18074,2906.0
6466,510.0
16324,1870.0
16054,432.0
7601,339.0
10152,4777.0
12063,282.0
12243,393.0
15080,441.0
18479,411.0
2520,472.0
15585,846.0
1642,319.0
20374,516.0
10580,1994.0
811,1858.0
13638,695.0
16410,350.0
14341,647.0
3193,446.0
6506,2254.0
8029,381.0
8955,472.0
20504,453.0
17084,2055.0
16649,2731.0
15772,402.0
11702,527.0
2729,568.0
17946,473.0
12078,265.0
4950,358.0
11644,296.0
7313,677.0
10026,1049.0
17160,247.0
15214,419.0
13341,312.0
9557,1067.0
6908,542.0
8691,356.0
3684,548.0
9981,409.0
7655,750.0
7980,491.0
8626,339.0
10450,2192.0
15576,2571.0
18989,497.0
9697,707.0
3327,469.0
15231,144.0
4798,918.0
8450,496.0
15687,346.0
2100,551.0
5239,575.0
3398,362.0
10134,269.0
14263,304.0
12829,305.0
2381,1930.0
17093,503.0
10987,331.0
15892,312.0
4834,1221.0
1928,551.0
18141,434.0
15093,483.0
8643,460.0
12453,653.0
13330,784.0
4048,1132.0
16720,471.0
18341,2098.0
9363,771.0
7459,462.0
865,498.0
4921,231.0
18803,515.0
8283,364.0
11393,549.0
15723,455.0
7018,374.0
20411,548.0
18490,683.0
17003,212.0
13698,529.0
15255,354.0
2907,334.0
11778,452.0
1577,227.0
13074,851.0
14883,392.0
6222,283.0
13128,434.0
2434,312.0
85,360.0
12193,251.0
12417,634.0
8304,828.0
18877,260.0
1579,340.0
1623,2275.0
7500,357.0
12335,1342.0
867,296.0
16759,950.0
10453,405.0
14969,643.0
55,435.0
8305,735.0
12594,2742.0
17429,361.0
7282,545.0
4,473.0
9318,5049.0
1970,637.0
12770,882.0
20697,389.0
19811,479.0
10115,2544.0
8230,202.0
2064,300.0
4234,2708.0
10903,667.0
13255,2478.0
1696,413.0
18443,578.0
15636,352.0
15436,1177.0
2806,1910.0
1544,1023.0
1071,304.0
17066,421.0
5760,338.0
12957,670.0
18103,825.0
2573,521.0
276,421.0
8718,503.0
1235,545.0
1206,300.0
8855,833.0
5446,539.0
6937,450.0
5849,3295.0
9060,345.0
14591,490.0
4417,665.0
4135,307.0
2959,2034.0
17783,1709.0
18242,509.0
8595,252.0
19797,2170.0
32,1438.0
15869,521.0
15471,493.0
11353,452.0
15720,2631.0
7172,359.0
1212,520.0
18317,1337.0
6481,312.0
6437,446.0
16909,403.0
5921,1411.0
17198,736.0
7960,658.0
4370,327.0
6147,533.0
5978,627.0
6403,265.0
16766,477.0
3511,473.0
11222,465.0
18514,401.0
18655,450.0
6257,3973.0
19983,636.0
12207,238.0
8564,354.0
5713,2098.0
17293,541.0
9736,463.0
16401,186.0
17974,512.0
19274,405.0
3742,431.0
14265,1165.0
10895,401.0
11161,434.0
10570,332.0
2165,402.0
11418,332.0
11485,643.0
15525,328.0
4142,355.0
872,969.0
15963,253.0
9078,404.0
13715,483.0
17962,269.0
12210,458.0
3906,592.0
12171,469.0
10385,399.0
7473,440.0
11325,305.0
1236,3186.0
4288,523.0
3299,380.0
20741,408.0
1366,648.0
13979,353.0
16959,590.0
407,763.0
16667,2195.0
3405,888.0
942,333.0
19330,451.0
6765,1040.0
4627,320.0
11516,1068.0
10245,396.0
18883,455.0
7693,242.0
12274,1545.0
16426,2581.0
2392,1083.0
8332,701.0
3648,575.0
7614,323.0
15310,384.0
7731,464.0
12255,607.0
11553,549.0
9426,845.0
3364,119.0
16341,2368.0
11994,566.0
1211,552.0
19586,441.0
5230,486.0
16932,255.0
3426,638.0
19068,535.0
20309,491.0
15921,244.0
5934,1293.0
16931,384.0
7197,323.0
10081,424.0
15625,1030.0
17799,3601.0
4064,341.0
3495,254.0
3984,445.0
4530,1140.0
6531,519.0
7736,702.0
14959,374.0
10151,408.0
11423,362.0
14204,378.0
18574,1933.0
10055,807.0
7169,360.0
3456,502.0
132,1387.0
14661,259.0
10474,294.0
18873,686.0
12287,419.0
16342,308.0
3913,439.0
6377,379.0
14857,260.0
16593,1510.0
18772,356.0
19268,637.0
2118,436.0
16470,2507.0
4832,330.0
20174,444.0
13963,425.0
10275,546.0
12653,502.0
10132,300.0
14223,2232.0
13163,404.0
3425,277.0
12748,857.0
10646,292.0
78,610.0
6319,480.0
10683,500.0
2387,2105.0
16068,2763.0
14828,481.0
3556,337.0
19764,1149.0
6238,1255.0
7006,359.0
9019,311.0
2080,430.0
2027,305.0
2558,280.0
16894,550.0
15277,368.0
734,453.0
18062,636.0
2647,579.0
3486,546.0
13238,332.0
14561,667.0
11238,430.0
12284,469.0
10173,587.0
2589,601.0
603,2680.0
16141,234.0
15251,1374.0
13038,439.0
4701,497.0
10409,573.0
17522,744.0
18511,439.0
6701,384.0
7976,1391.0
1532,1700.0
11679,235.0
8906,502.0
5115,391.0
6714,1001.0
926,506.0
12892,370.0
9882,201.0
2680,532.0
17369,757.0
14987,430.0
17378,448.0
6065,254.0
8420,369.0
9837,739.0
1987,437.0
8921,385.0
17873,513.0
6064,737.0
9960,482.0
5678,404.0
20775,2169.0
11212,386.0
16787,313.0
16752,467.0
12779,359.0
3735,617.0
16479,533.0
197,487.0
179,388.0
5402,373.0
15264,573.0
9859,159.0
7627,426.0
15141,525.0
14720,353.0
13239,549.0
10838,425.0
7100,617.0
4342,645.0
12290,3187.0
16336,596.0
13379,385.0
7392,1620.0
3049,270.0
1896,462.0
12495,440.0
2314,546.0
4877,481.0
15669,608.0
5571,588.0
5206,446.0
10046,553.0
18599,589.0
16873,311.0
6661,405.0
13047,344.0
17964,420.0
3173,452.0
1327,488.0
20088,399.0
2969,483.0
4493,2071.0
6825,459.0
11233,660.0
6793,354.0
9083,575.0
468,381.0
5121,288.0
1726,369.0
12595,1876.0
17935,560.0
5430,428.0
7683,385.0
5730,508.0
20888,417.0
20352,557.0
8397,1674.0
19256,311.0
9440,1499.0
6964,2527.0
17426,507.0
12674,540.0
8958,279.0
8151,496.0
633,1953.0
11357,467.0
2511,685.0
18658,1085.0
4046,987.0
11414,257.0
8187,651.0
15236,545.0
18220,761.0
18804,2365.0
2824,1504.0
13689,180.0
12810,393.0
15197,1877.0
11379,372.0
5983,628.0
7630,251.0
7585,929.0
3855,337.0
20132,715.0
6633,475.0
3836,431.0
11748,272.0
18097,484.0
2023,665.0
10510,2223.0
7981,369.0
5569,560.0
3273,535.0
14693,418.0
3178,369.0
8278,490.0
94,578.0
13811,482.0
8926,287.0
20212,417.0
16955,511.0
9938,397.0
9902,688.0
5362,1292.0
2822,477.0
5296,294.0
2478,505.0
7367,434.0
20886,2417.0
9046,394.0
3897,260.0
18967,306.0
2202,1427.0
16811,3034.0
11474,393.0
18478,1263.0
13981,549.0
1358,912.0
15007,428.0
7437,313.0
13374,283.0
4977,582.0
17599,1152.0
8344,488.0
13789,982.0
10164,383.0
16791,484.0
5785,462.0
5622,200.0
7504,325.0
14011,1281.0
15408,684.0
13284,473.0
11204,432.0
19418,456.0
1410,612.0
10401,507.0
10750,524.0
13001,428.0
2518,373.0
10816,314.0
13650,2059.0
5461,350.0
8399,428.0
20229,640.0
15228,431.0
2655,308.0
20425,513.0
8698,479.0
3211,1124.0
2231,478.0
15639,872.0
2612,472.0
3421,602.0
16934,398.0
4454,493.0
1392,294.0
2988,479.0
10008,328.0
4974,899.0
15379,440.0
10107,2971.0
13745,419.0
8070,2275.0
2780,379.0
5568,349.0
3778,628.0
3817,442.0
12471,236.0
6865,1364.0
1558,512.0
4375,414.0
20707,522.0
15492,466.0
12189,1409.0
4473,2531.0
5969,328.0
6898,558.0
12364,545.0
5615,387.0
4623,394.0
6756,530.0
4418,451.0
2184,2616.0
9208,460.0
7010,524.0
15477,441.0
10734,582.0
16493,391.0
7454,445.0
7816,2947.0
17458,503.0
5627,445.0
2030,448.0
1656,1855.0
10885,284.0
1160,482.0
19741,427.0
1490,720.0
1768,340.0
10344,431.0
14354,331.0
20517,607.0
2793,328.0
12033,715.0
1286,371.0
15861,512.0
17734,482.0
10282,286.0
14369,500.0
3834,880.0
11493,456.0
14365,596.0
1281,556.0
6786,529.0
387,438.0
18573,450.0
8042,489.0
7039,4163.0
1215,406.0
5479,827.0
12270,509.0
17305,495.0
12225,1065.0
19456,2687.0
9551,203.0
18013,204.0
1004,292.0
1081,340.0
5889,252.0
18811,570.0
17996,3290.0
17856,538.0
3261,955.0
5345,395.0
4043,578.0
10353,1435.0
18273,1265.0
12522,291.0
10480,306.0
3078,434.0
16536,624.0
17684,548.0
17558,561.0
15254,444.0
20208,427.0
2941,472.0
17047,865.0
6249,339.0
16707,617.0
7358,352.0
5909,1672.0
5612,409.0
7957,493.0
6328,927.0
3192,477.0
9261,819.0
8530,223.0
14102,473.0
7016,728.0
11253,258.0
13807,269.0
580,420.0
14548,437.0
325,391.0
17871,181.0
20657,399.0
3293,515.0
11245,565.0
18663,271.0
4944,605.0
3895,453.0
20633,447.0
471,639.0
5549,520.0
8271,509.0
19895,379.0
7669,482.0
14785,448.0
8861,1173.0
19445,204.0
13862,1311.0
19629,393.0
9226,550.0
10481,280.0
8141,890.0
19252,490.0
2499,709.0
11881,379.0
8155,640.0
1522,228.0
15261,401.0
17886,277.0
10935,542.0
15230,401.0
16164,474.0
18099,254.0
16619,357.0
19694,650.0
5290,306.0
14700,1528.0
10698,467.0
17908,467.0
15908,359.0
10193,625.0
9911,1777.0
1208,541.0
16818,2279.0
9707,446.0
20930,1403.0
1767,679.0
52,787.0
3562,179.0
14695,399.0
7666,354.0
12635,597.0
3341,310.0
10844,535.0
17089,1205.0
10775,351.0
19427,1911.0
18585,2836.0
13400,428.0
16860,299.0
17469,822.0
11262,421.0
14236,584.0
3276,258.0
16588,306.0
20221,412.0
20552,314.0
4294,748.0
6471,363.0
9185,239.0
4803,2185.0
4233,406.0
4003,383.0
16498,616.0
16650,381.0
16202,607.0
10261,593.0
16366,399.0
13084,363.0
13568,288.0
11969,4670.0
18582,619.0
14275,308.0
10617,700.0
20529,233.0
20304,1882.0
14941,531.0
6613,894.0
8221,428.0
13344,398.0
11503,415.0
14310,427.0
12874,194.0
1185,342.0
2749,1670.0
2652,509.0
13717,424.0
12891,375.0
14391,304.0
10269,340.0
20541,967.0
13258,296.0
19112,368.0
6713,2707.0
20051,503.0
10452,345.0
3837,453.0
2606,427.0
1085,469.0
10426,297.0
20314,811.0
1680,2922.0
9178,356.0
18974,313.0
8787,312.0
10360,369.0
10372,845.0
11338,1531.0
16252,474.0
17180,264.0
627,575.0
1766,422.0
10584,2262.0
14402,391.0
2440,472.0
5925,402.0
3680,274.0
1614,579.0
20469,479.0
10567,683.0
4403,606.0
16350,274.0
2035,359.0
11290,3274.0
4192,359.0
5738,2142.0
4167,241.0
9771,2060.0
11347,417.0
17389,560.0
14192,374.0
2122,432.0
11612,5013.0
17598,791.0
19912,1017.0
11531,561.0
14112,439.0
19778,599.0
15423,478.0
18523,754.0
4139,322.0
9280,224.0
10300,322.0
19054,4181.0
3294,686.0
10690,378.0
2024,613.0
1082,436.0
14278,322.0
11859,172.0
9480,2871.0
13446,699.0
5093,296.0
20452,549.0
19310,471.0
993,478.0
7852,490.0
12814,348.0
6358,455.0
6643,396.0
2460,340.0
7210,481.0
19072,1861.0
12926,307.0
15587,309.0
20619,355.0
18377,238.0
11028,887.0
13901,951.0
17503,785.0
16262,485.0
3854,407.0
13863,563.0
3263,439.0
1870,1284.0
15703,1018.0
16681,410.0
13263,309.0
12064,528.0
499,219.0
10111,498.0
14292,295.0
15893,260.0
14741,1707.0
3419,294.0
15084,2817.0
17511,2081.0
11451,601.0
18789,366.0
14972,311.0
8047,386.0
9909,842.0
9064,208.0
12083,422.0
8870,587.0
16469,469.0
18730,508.0
8280,626.0
128,590.0
3636,698.0
6832,1813.0
390,311.0
15366,448.0
16383,306.0
6815,153.0
6850,470.0
20162,265.0
15030,408.0
13318,594.0
13950,380.0
14709,1379.0
14749,498.0
16987,325.0
10382,507.0
11552,627.0
16936,293.0
10839,270.0
5483,578.0
1115,322.0
9107,282.0
14732,672.0
5667,279.0
3409,578.0
7576,252.0
14938,1514.0
19243,286.0
8521,249.0
19790,1746.0
16392,385.0
13441,449.0
5018,404.0
20878,391.0
15848,295.0
12896,436.0
19607,412.0
18303,1161.0
9156,532.0
19019,563.0
7906,449.0
14988,611.0
15866,477.0
1597,269.0
12299,597.0
5179,773.0
5186,613.0
996,476.0
393,434.0
9539,304.0
8869,459.0
12830,426.0
17781,217.0
19020,158.0
4703,315.0
12619,507.0
11527,449.0
20303,409.0
10327,399.0
17498,605.0
4023,492.0
18820,575.0
9725,478.0
4146,467.0
17213,977.0
15438,526.0
16812,619.0
10878,2018.0
14219,1464.0
2304,460.0
12684,1789.0
12613,386.0
17329,647.0
4612,361.0
9015,777.0
4208,318.0
2415,457.0
7130,391.0
20382,1167.0
8251,856.0
19043,503.0
5298,285.0
17076,404.0
414,362.0
6627,527.0
18398,597.0
14703,310.0
7549,943.0
10350,371.0
20009,498.0
4622,884.0
19271,1041.0
19567,1643.0
4251,279.0
2610,455.0
8274,1029.0
20937,480.0
2782,2096.0
17126,609.0
3062,304.0
17028,421.0
14976,499.0
15005,958.0
20940,1980.0
19320,247.0
2869,4292.0
9264,353.0
12065,340.0
20042,280.0
3291,538.0
6965,360.0
2446,693.0
20000,1258.0
9770,498.0
12662,453.0
13188,522.0
10637,471.0
10009,472.0
9892,230.0
98,416.0
5886,329.0
18623,501.0
20729,284.0
9961,613.0
3246,244.0
368,238.0
20011,2513.0
20777,2623.0
7678,2328.0
14412,657.0
19820,928.0
3427,478.0
16596,468.0
1457,625.0
20128,444.0
17546,497.0
14532,515.0
12440,342.0
8386,315.0
20214,384.0
3567,1275.0
356,682.0
8519,784.0
15327,671.0
7787,2622.0
8364,1719.0
18217,202.0
13442,259.0
4850,500.0
9690,479.0
9403,416.0
9248,1135.0
15374,308.0
1606,247.0
5024,455.0
1793,485.0
1585,520.0
15685,319.0
15414,373.0
3553,723.0
3720,374.0
15880,267.0
8771,310.0
15998,563.0
3279,318.0
1304,461.0
11436,291.0
16916,358.0
17282,386.0
13667,1222.0
16296,345.0
14895,430.0
20478,853.0
11318,594.0
10464,285.0
6858,512.0
17850,907.0
18740,850.0
8165,464.0
10232,514.0
10169,672.0
15867,1907.0
3219,641.0
3074,808.0
16603,282.0
15987,1601.0
16329,364.0
4267,2044.0
17418,539.0
12582,589.0
19839,210.0
20563,482.0
2695,727.0
11659,1594.0
20328,386.0
18701,330.0
19064,690.0
1028,657.0
11871,401.0
19082,1196.0
8347,508.0
8056,326.0
11187,792.0
2501,508.0
12692,485.0
18256,463.0
4186,385.0
2464,695.0
8963,3374.0
5071,435.0
7235,150.0
14834,298.0
4907,306.0
5841,381.0
18316,296.0
15385,379.0
15318,725.0
8404,304.0
1646,551.0
6619,462.0
11463,377.0
2887,868.0
17281,3002.0
11320,1299.0
3079,985.0
11521,252.0
16542,1952.0
2984,511.0
19655,3468.0
8082,370.0
2911,165.0
709,253.0
7521,215.0
18957,761.0
11200,1767.0
5515,822.0
2839,864.0
3594,559.0
1311,666.0
6132,242.0
11090,1481.0
230,330.0
8355,3154.0
16072,298.0
2038,563.0
17236,694.0
4416,1175.0
20611,665.0
730,361.0
19421,276.0
3652,705.0
20348,429.0
10039,2124.0
9395,358.0
11584,595.0
7616,680.0
9704,1497.0
18568,395.0
19549,469.0
19229,421.0
3428,420.0
20449,348.0
16137,837.0
4690,677.0
13899,1180.0
8369,333.0
17260,557.0
20539,285.0
1201,2602.0
15654,2199.0
10609,635.0
8339,563.0
3515,4203.0
110,316.0
20925,453.0
9926,390.0
10351,638.0
20255,548.0
11908,545.0
15038,691.0
8868,2314.0
8268,3754.0
13061,593.0
4835,1182.0
3928,1670.0
8522,537.0
14403,246.0
3143,434.0
14743,240.0
1923,464.0
7285,506.0
9806,327.0
6237,291.0
16539,2085.0
10574,3587.0
4605,499.0
12459,380.0
10377,2772.0
11995,685.0
15378,1454.0
12844,207.0
5918,486.0
20560,364.0
4254,1037.0
6304,348.0
2811,454.0
483,2305.0
9081,315.0
7338,1979.0
12034,285.0
7005,328.0
3473,504.0
16525,374.0
12726,701.0
11278,490.0
8657,890.0
6845,3715.0
8978,388.0
16059,496.0
8412,672.0
6287,269.0
18706,178.0
3402,553.0
8106,428.0
8499,1048.0
3765,437.0
8994,612.0
19261,374.0
5172,390.0
11032,1707.0
1909,576.0
15891,1672.0
8510,252.0
19609,353.0
19904,390.0
13264,514.0
9576,441.0
4321,536.0
8524,562.0
15779,457.0
8145,388.0
15990,2091.0
6143,402.0
3152,429.0
14708,932.0
6438,570.0
6125,613.0
17217,424.0
18958,296.0
4868,563.0
4706,572.0
10420,787.0
2343,503.0
5722,738.0
18930,969.0
8144,368.0
10123,279.0
12263,422.0
3856,648.0
6101,259.0
7165,255.0
20136,564.0
18397,1640.0
17955,583.0
13617,448.0
4905,689.0
20275,316.0
13610,353.0
4426,585.0
16210,1691.0
6097,883.0
9803,664.0
19062,420.0
4227,973.0
4187,1028.0
11593,231.0
10629,2364.0
3142,461.0
17531,674.0
8858,840.0
11845,296.0
1147,501.0
18646,452.0
6089,786.0
4566,384.0
11677,409.0
533,528.0
4065,478.0
17360,253.0
5555,440.0
12715,350.0
8780,445.0
17639,536.0
20440,612.0
7626,432.0
3968,1846.0
1519,646.0
18997,555.0
16673,178.0
6708,286.0
16178,442.0
14714,388.0
3644,597.0
11841,302.0
4614,316.0
17316,539.0
19474,433.0
6930,281.0
3268,483.0
10857,367.0
550,405.0
16287,2134.0
15224,2347.0
18252,422.0
3654,2357.0
6492,295.0
13266,239.0
10777,541.0
15745,315.0
1029,613.0
19866,254.0
4120,426.0
7225,370.0
17485,2408.0
16622,895.0
934,552.0
4093,441.0
9278,369.0
15567,626.0
894,1754.0
1734,602.0
16782,828.0
6710,471.0
10988,294.0
12762,469.0
5949,503.0
12426,325.0
17594,257.0
5177,508.0
6288,516.0
17929,351.0
1241,409.0
20044,309.0
13426,482.0
5286,249.0
688,217.0
20802,415.0
6181,497.0
16374,617.0
15556,2168.0
16533,475.0
16827,1001.0
138,1783.0
11471,313.0
10109,523.0
13227,520.0
5327,210.0
16024,645.0
6514,418.0
5539,1652.0
13628,237.0
7040,366.0
1381,583.0
18940,392.0
2379,331.0
7844,1040.0
25,422.0
9339,442.0
10477,2760.0
6482,1119.0
6730,288.0
8864,308.0
5789,311.0
2427,460.0
18570,674.0
16684,457.0
19465,274.0
10502,424.0
8989,542.0
19989,1175.0
12876,196.0
1789,2066.0
11763,1120.0
10821,274.0
8158,430.0
1264,399.0
676,1123.0
19278,436.0
277,251.0
18352,1512.0
9112,551.0
6647,317.0
4692,555.0
12038,368.0
10863,433.0
9139,1230.0
5823,515.0
2531,441.0
9421,440.0
14083,452.0
3801,799.0
13685,1354.0
12631,566.0
12501,687.0
303,432.0
3618,465.0
14316,473.0
12028,288.0
5475,517.0
13669,475.0
13662,428.0
18467,294.0
2535,515.0
3044,2225.0
7888,296.0
12790,429.0
19107,1341.0
5647,2279.0
9980,437.0
20787,2350.0
18085,1090.0
20216,342.0
760,503.0
10097,503.0
5080,290.0
19299,563.0
17960,394.0
6909,2325.0
20805,219.0
9132,351.0
7780,348.0
7438,367.0
3122,333.0
12295,199.0
9687,2710.0
16510,497.0
9126,825.0
11406,812.0
14609,572.0
8882,287.0
19588,232.0
2308,442.0
7493,406.0
8779,1987.0
16142,1304.0
11673,303.0
13414,727.0
1342,239.0
14658,334.0
1323,288.0
4219,449.0
7299,348.0
1073,424.0
17464,983.0
9918,360.0
10847,624.0
2641,2907.0
9606,856.0
16423,412.0
7670,565.0
16026,428.0
12894,220.0
4012,718.0
18338,600.0
4264,452.0
2490,360.0
3757,2150.0
11705,2392.0
11483,415.0
8872,430.0
10419,1094.0
1617,652.0
10792,2461.0
3947,2838.0
2775,499.0
2966,401.0
12409,509.0
14207,511.0
13478,226.0
16464,245.0
15659,622.0
566,656.0
6587,541.0
4563,445.0
14501,251.0
18760,1413.0
10234,1153.0
15162,2508.0
20923,1105.0
10886,408.0
18910,714.0
5763,555.0
8287,788.0
8765,461.0
374,287.0
2208,317.0
12166,2658.0
18791,2017.0
11135,1274.0
13500,230.0
12700,1048.0
3967,385.0
18638,549.0
4691,289.0
1621,1942.0
8550,471.0
1373,422.0
19270,681.0
3683,394.0
20604,561.0
12477,544.0
2912,334.0
4411,491.0
11309,433.0
2471,919.0
5203,545.0
8573,391.0
7795,1738.0
11507,317.0
1985,530.0
15296,546.0
14686,376.0
9713,257.0
3918,629.0
18240,620.0
4681,429.0
2563,659.0
13770,620.0
17336,682.0
19340,397.0
3732,413.0
2564,380.0
12661,336.0
12416,570.0
4057,385.0
4983,407.0
18729,342.0
1065,1069.0
7613,266.0
9047,372.0
3157,445.0
9847,461.0
5063,2022.0
8396,367.0
4018,239.0
8799,283.0
11631,1558.0
18593,563.0
16722,2463.0
19393,422.0
12188,395.0
19423,434.0
19327,513.0
3437,221.0
12852,385.0
14488,635.0
19725,253.0
12565,202.0
11369,790.0
2814,402.0
10688,282.0
9215,1129.0
19410,470.0
4102,368.0
17444,532.0
246,611.0
19164,579.0
1782,2002.0
2926,412.0
11365,484.0
16018,377.0
7249,568.0
1683,790.0
20067,361.0
11236,2471.0
15763,3623.0
13085,552.0
1124,601.0
8334,537.0
14808,312.0
6817,445.0
11797,469.0
13683,283.0
11852,503.0
15150,299.0
700,340.0
15778,332.0
13452,318.0
11641,555.0
17493,409.0
7873,702.0
17602,2356.0
6327,807.0
12629,504.0
2629,545.0
6214,396.0
19674,255.0
403,336.0
6427,290.0
3569,292.0
6025,993.0
7640,225.0
12320,611.0
18999,584.0
15499,1502.0
2620,380.0
5939,1655.0
18426,367.0
10537,373.0
8006,988.0
7758,489.0
19739,405.0
940,320.0
13587,970.0
8502,400.0
6742,619.0
2919,2654.0
10658,456.0
5189,445.0
17215,1505.0
18274,2482.0
18832,362.0
10227,296.0
6984,308.0
5265,644.0
10697,448.0
10633,338.0
13560,557.0
952,295.0
4807,467.0
7275,446.0
14903,433.0
1398,632.0
20364,824.0
9939,455.0
20397,296.0
4960,591.0
2852,455.0
10071,841.0
15094,350.0
1744,299.0
5881,233.0
18326,244.0
17662,454.0
19634,1547.0
9088,1280.0
14810,577.0
8188,490.0
13676,496.0
2840,2152.0
2210,471.0
20444,702.0
18857,414.0
4561,342.0
20521,678.0
15694,431.0
8615,481.0
2170,174.0
19395,2298.0
10118,465.0
11623,348.0
11662,575.0
12196,399.0
7749,555.0
16109,303.0
15715,542.0
11640,325.0
10755,851.0
7779,372.0
19743,1312.0
639,435.0
8376,398.0
3288,611.0
18022,270.0
9944,701.0
5142,413.0
16668,469.0
8905,466.0
12148,430.0
9087,604.0
20402,572.0
7153,330.0
17987,599.0
9587,450.0
16195,692.0
11127,679.0
16025,581.0
71,399.0
17805,436.0
19460,330.0
9912,235.0
5361,696.0
17447,2182.0
11716,282.0
1818,459.0
12199,219.0
19744,603.0
5372,246.0
15655,1071.0
1485,352.0
4076,1032.0
14860,546.0
7943,407.0
13565,367.0
9231,243.0
4412,247.0
13671,540.0
8923,353.0
8190,212.0
4247,2210.0
11202,559.0
3321,790.0
1894,304.0
18497,410.0
2624,474.0
4482,354.0
3872,640.0
15157,1659.0
2850,467.0
20816,515.0
7468,387.0
20096,419.0
8899,172.0
7706,498.0
4857,954.0
3674,326.0
13601,492.0
10995,578.0
16507,533.0
15184,438.0
15910,494.0
14943,956.0
3258,536.0
8843,1518.0
7913,1225.0
13275,522.0
8557,191.0
268,553.0
8026,459.0
18762,475.0
12520,488.0
13820,270.0
6513,654.0
18000,523.0
4001,471.0
8414,335.0
2849,2304.0
17779,459.0
8916,748.0
13658,541.0
6785,331.0
20799,830.0
12571,333.0
20207,191.0
17539,494.0
17914,290.0
5083,437.0
4912,354.0
10384,312.0
15834,558.0
12395,360.0
2043,525.0
11429,353.0
4640,812.0
2766,277.0
12922,790.0
1244,628.0
8400,543.0
10101,1148.0
9279,271.0
14590,462.0
7013,346.0
17728,400.0
9069,547.0
2354,2077.0
9708,1778.0
6544,374.0
2752,208.0
13675,298.0
15078,484.0
9349,746.0
14946,555.0
9594,1146.0
7233,560.0
2077,1059.0
6171,572.0
7082,743.0
2301,389.0
19888,225.0
15693,198.0
7059,536.0
7224,343.0
16527,3019.0
7506,455.0
17905,274.0
18814,686.0
10735,488.0
13469,2032.0
10493,315.0
18926,1945.0
10632,419.0
16950,471.0
16948,348.0
20659,1249.0
3045,254.0
19161,554.0
11695,258.0
19530,292.0
6822,523.0
19977,1029.0
2723,406.0
10265,1826.0
6451,389.0
13649,460.0
16568,770.0
16712,2020.0
14850,908.0
15653,504.0
864,483.0
6999,278.0
7475,970.0
12070,446.0
18844,441.0
9382,401.0
19518,523.0
12998,498.0
13054,203.0
18653,625.0
6353,536.0
20693,412.0
4429,1999.0
11449,954.0
12394,482.0
18210,523.0
291,399.0
12439,705.0
7098,411.0
751,295.0
15382,493.0
1612,899.0
20354,911.0
1059,504.0
4168,632.0
14119,321.0
15833,896.0
6895,340.0
14755,778.0
4560,309.0
4828,631.0
6650,230.0
7118,450.0
5932,391.0
15882,569.0
8466,1091.0
16021,1582.0
9774,632.0
11058,240.0
16471,208.0
16298,548.0
12725,917.0
1112,539.0
4470,1602.0
6303,429.0
20686,561.0
11857,615.0
14258,455.0
18325,949.0
19817,386.0
9515,326.0
3269,1967.0
6768,2885.0
11737,397.0
16485,556.0
4330,517.0
11416,609.0
4569,292.0
12985,538.0
2133,421.0
1292,116.0
1492,368.0
18175,3358.0
10807,286.0
15628,401.0
10487,790.0
18894,589.0
11085,500.0
4679,408.0
410,368.0
3777,430.0
7173,400.0
18178,655.0
12984,2021.0
16236,349.0
6282,481.0
1980,667.0
3114,589.0
17661,261.0
18650,392.0
13079,327.0
1634,1295.0
8632,514.0
3528,440.0
7444,757.0
10732,452.0
2898,1267.0
16106,627.0
8410,412.0
2733,1923.0
2001,460.0
7450,416.0
1396,1322.0
7776,911.0
15706,235.0
18953,488.0
6470,365.0
16918,616.0
13328,1249.0
19180,724.0
16810,445.0
17730,303.0
18674,2196.0
14059,828.0
20853,417.0
1722,624.0
14592,403.0
11843,586.0
17776,368.0
11556,347.0
2121,606.0
173,435.0
17242,1518.0
13546,419.0
10915,301.0
4676,288.0
3870,625.0
5277,1634.0
11953,512.0
12410,2689.0
8891,1573.0
11893,403.0
16338,577.0
11398,391.0
4220,1578.0
15456,409.0
4869,499.0
11067,405.0
6229,580.0
16010,236.0
6244,488.0
7668,287.0
20625,331.0
9894,336.0
17982,538.0
5726,2361.0
4415,508.0
5204,526.0
18975,249.0
3357,524.0
5645,219.0
3639,256.0
15770,364.0
7689,494.0
3796,461.0
17519,397.0
7760,523.0
3981,643.0
12673,324.0
7831,545.0
4780,463.0
2303,358.0
7455,1631.0
20224,309.0
9805,2514.0
20123,3468.0
16065,2255.0
10402,353.0
10479,481.0
18290,838.0
5193,395.0
169,555.0
10925,2388.0
4471,442.0
1595,330.0
9670,287.0
10928,441.0
5171,439.0
7321,469.0
5755,940.0
18410,590.0
3283,322.0
3876,987.0
5281,274.0
5273,616.0
1338,233.0
5031,630.0
1069,2841.0
5436,220.0
16084,508.0
18128,580.0
7877,286.0
8293,462.0
10718,705.0
8088,449.0
6552,2466.0
11156,387.0
12003,552.0
1197,744.0
15402,871.0
5782,386.0
3420,290.0
2599,263.0
318,464.0
2186,601.0
8918,400.0
6797,538.0
9071,598.0
5256,256.0
19248,356.0
5777,2932.0
10430,355.0
9004,390.0
7535,434.0
6751,335.0
7558,456.0
452,346.0
9876,468.0
19321,1696.0
9729,461.0
4038,377.0
17638,259.0
139,421.0
11582,400.0
19822,509.0
12666,384.0
13793,453.0
386,2685.0
11766,293.0
9997,427.0
718,563.0
9577,499.0
12905,473.0
19205,699.0
17821,555.0
4677,501.0
13291,241.0
16253,567.0
8902,570.0
5520,1814.0
14209,545.0
18232,533.0
19519,367.0
1418,487.0
16155,538.0
8358,900.0
3230,2811.0
3657,941.0
20016,463.0
6285,318.0
1526,544.0
19041,2474.0
15239,399.0
5271,497.0
8984,379.0
9536,1673.0
20587,399.0
15739,576.0
11214,281.0
11348,490.0
13866,1262.0
10668,920.0
18259,402.0
18998,511.0
148,378.0
2528,378.0
1763,737.0
14054,401.0
7062,202.0
8618,866.0
14756,643.0
18077,878.0
5234,530.0
10373,409.0
7622,809.0
4800,854.0
15561,3407.0
9203,522.0
7494,879.0
3977,329.0
19309,342.0
14330,561.0
7868,418.0
4273,348.0
7739,248.0
4923,528.0
20943,570.0
9172,637.0
7133,330.0
13949,541.0
19535,363.0
2798,373.0
10179,1604.0
11115,815.0
9031,202.0
15154,411.0
3520,240.0
4588,305.0
20019,495.0
6696,423.0
829,361.0
754,424.0
11733,435.0
19927,601.0
19747,1757.0
9628,525.0
9675,477.0
17545,2127.0
8291,981.0
19401,598.0
13727,382.0
13058,3209.0
19002,620.0
13088,301.0
1443,1435.0
12020,619.0
12796,698.0
20182,806.0
6827,529.0
19035,643.0
11940,379.0
15002,875.0
6017,566.0
20147,370.0
15860,468.0
13023,395.0
832,425.0
14167,461.0
18755,342.0
10881,1058.0
8873,425.0
8741,587.0
13187,2236.0
11239,2786.0
20825,440.0
17267,2926.0
543,242.0
2779,323.0
14440,387.0
7094,2001.0
15620,306.0
15371,544.0
8727,404.0
9448,598.0
5241,624.0
8323,1078.0
2475,366.0
18424,369.0
13217,891.0
8809,378.0
1817,368.0
19650,273.0
8922,503.0
18746,441.0
19202,282.0
2763,2211.0
20187,291.0
2472,295.0
11075,2059.0
8790,501.0
16817,458.0
13910,2678.0
10934,356.0
5513,770.0
4177,520.0
17796,566.0
9462,485.0
19698,567.0
11632,430.0
7410,305.0
19146,583.0
1819,574.0
3973,614.0
14450,2032.0
3132,205.0
12086,1456.0
20577,402.0
10321,543.0
4221,857.0
1436,1578.0
13598,420.0
8737,241.0
11798,590.0
13410,401.0
15713,1654.0
9253,2179.0
20857,313.0
20887,1413.0
5213,693.0
6242,375.0
18859,1177.0
10241,1665.0
385,990.0
16985,395.0
917,576.0
8374,1339.0
3758,460.0
460,390.0
6502,390.0
711,336.0
14907,518.0
7698,654.0
2344,264.0
4888,456.0
12334,453.0
7555,980.0
9723,630.0
4728,479.0
11478,278.0
2562,493.0
19752,234.0
6227,226.0
3262,504.0
13162,352.0
10623,1111.0
11099,503.0
1504,477.0
9554,257.0
18752,291.0
8716,536.0
17441,392.0
10077,708.0
1316,525.0
7356,505.0
9513,355.0
4638,298.0
4390,1934.0
3781,1893.0
10628,452.0
4864,618.0
1908,381.0
10509,389.0
8025,421.0
5015,490.0
10236,410.0
10769,342.0
6275,619.0
20213,1256.0
15086,472.0
14027,630.0
4896,395.0
11392,707.0
16256,438.0
13340,479.0
2326,3122.0
14127,318.0
1594,348.0
7467,263.0
13461,2199.0
3345,365.0
18693,329.0
3305,470.0
13503,430.0
989,311.0
6988,393.0
4217,282.0
3352,570.0
16751,313.0
16463,415.0
20749,382.0
7766,239.0
10000,532.0
4772,1435.0
11944,433.0
2774,403.0
118,509.0
662,1266.0
16055,307.0
11867,388.0
20327,846.0
9313,1429.0
17918,457.0
20227,266.0
4165,278.0
13353,490.0
4945,1148.0
12518,386.0
699,274.0
16474,573.0
17031,719.0
13175,876.0
17641,576.0
344,804.0
4054,358.0
15015,423.0
18992,395.0
13743,600.0
3181,362.0
17434,709.0
14537,406.0
18353,364.0
7347,579.0
8817,1509.0
2355,2072.0
18247,1238.0
3807,336.0
12235,435.0
19668,407.0
7682,521.0
13171,1984.0
2583,794.0
19137,4299.0
19086,1904.0
4356,333.0
19794,724.0
18531,291.0
12861,1882.0
15825,469.0
19349,827.0
16413,497.0
9822,472.0
10954,412.0
6539,2551.0
17725,379.0
20048,506.0
1973,373.0
349,1334.0
15428,324.0
9066,396.0
16192,409.0
7598,719.0
9825,218.0
13616,2035.0
1667,335.0
16648,405.0
8987,434.0
18064,456.0
15540,191.0
7435,253.0
7895,619.0
20622,428.0
3457,430.0
4609,557.0
10854,237.0
15484,2022.0
2227,241.0
7733,431.0
14178,452.0
613,670.0
16096,467.0
3907,414.0
13552,291.0
475,687.0
1889,416.0
729,577.0
15448,198.0
1765,1689.0
606,848.0
6168,2506.0
1107,379.0
5388,478.0
14698,484.0
18305,253.0
3534,610.0
13846,352.0
4393,2072.0
9380,236.0
8654,510.0
3903,408.0
4336,1117.0
18321,547.0
12972,409.0
1020,288.0
8972,568.0
9244,392.0
12285,294.0
20072,928.0
8960,390.0
20407,478.0
8329,1952.0
4086,301.0
9196,334.0
5201,496.0
16984,426.0
10610,375.0
19437,508.0
14800,2041.0
2529,254.0
16005,568.0
962,1313.0
7992,503.0
9361,203.0
5519,640.0
13090,1218.0
15110,909.0
15262,1043.0
13509,1980.0
527,1516.0
11710,240.0
11234,533.0
5036,1295.0
20177,315.0
170,567.0
17544,427.0
9180,863.0
5984,246.0
9504,471.0
18901,222.0
7491,563.0
18345,479.0
15539,1409.0
7436,412.0
19831,336.0
1321,396.0
2690,579.0
11232,439.0
19883,856.0
19469,237.0
7360,531.0
18885,340.0
19598,892.0
11437,313.0
7192,576.0
10520,1255.0
5765,664.0
6279,297.0
13792,365.0
3661,551.0
12279,977.0
4571,1419.0
16899,420.0
5496,2315.0
9936,490.0
3298,792.0
753,770.0
16387,267.0
19114,1495.0
17204,447.0
16518,286.0
10953,2658.0
20384,256.0
8504,299.0
853,467.0
9272,515.0
13118,511.0
7101,497.0
14688,466.0
17966,576.0
79,1479.0
222,547.0
11962,556.0
18895,2938.0
2718,417.0
5434,467.0
6685,463.0
13629,1487.0
13448,590.0
8609,530.0
2710,455.0
7216,325.0
1405,438.0
2534,4186.0
5657,226.0
9432,268.0
7124,359.0
13657,2737.0
8480,2660.0
11384,1141.0
5221,468.0
7966,291.0
8172,332.0
13926,279.0
20311,413.0
7272,445.0
2296,475.0
19032,917.0
19374,1026.0
13843,454.0
14074,421.0
2013,344.0
9855,252.0
16281,238.0
19979,621.0
14462,593.0
19940,220.0
4705,511.0
18375,899.0
7566,279.0
13517,315.0
20319,475.0
16455,283.0
18164,377.0
11457,1056.0
8254,1045.0
3602,452.0
18107,440.0
16076,753.0
9891,2316.0
2550,349.0
8453,245.0
15204,513.0
9698,157.0
3740,608.0
3812,506.0
703,278.0
1041,324.0
3024,425.0
13358,414.0
11664,277.0
5117,448.0
12510,516.0
14735,531.0
16937,400.0
11980,384.0
13474,331.0
11511,938.0
13578,468.0
19162,450.0
9635,289.0
8445,399.0
20202,324.0
12887,489.0
1551,310.0
17693,710.0
19900,378.0
4197,406.0
20482,2241.0
2993,444.0
6207,350.0
6916,512.0
18790,304.0
12029,2490.0
12408,2762.0
14093,471.0
2935,197.0
20287,155.0
10183,429.0
6780,1520.0
6425,342.0
13261,568.0
19177,270.0
13160,644.0
6378,404.0
20703,615.0
19523,585.0
8640,467.0
11255,302.0
4266,287.0
17432,582.0
8366,574.0
5567,1045.0
15497,758.0
1138,401.0
19841,751.0
17327,684.0
17334,1315.0
18091,2749.0
725,331.0
5269,357.0
3963,447.0
1475,2884.0
7988,2029.0
1272,545.0
14704,241.0
14454,410.0
19980,430.0
9283,1483.0
15645,391.0
13276,1772.0
9374,1756.0
10598,1058.0
15679,424.0
13126,376.0
11609,367.0
13780,562.0
0,582.0
5113,570.0
4209,908.0
20964,266.0
4555,407.0
14028,326.0
2615,325.0
12475,495.0
14249,275.0
19504,618.0
20281,1375.0
3642,541.0
15603,353.0
10113,530.0
10736,308.0
17128,2338.0
13817,504.0
2451,807.0
12058,988.0
20001,514.0
13354,266.0
8585,260.0
1261,441.0
12026,2149.0
3378,532.0
15188,495.0
8486,530.0
3877,329.0
1876,605.0
15274,443.0
17159,528.0
11421,364.0
7266,433.0
10910,956.0
1491,2251.0
14408,494.0
1897,343.0
18976,482.0
20372,3136.0
11988,409.0
16600,382.0
3105,502.0
18639,1655.0
6429,447.0
9398,351.0
19500,415.0
1158,437.0
11928,464.0
5965,1530.0
2930,1007.0
3165,923.0
4879,812.0
14328,465.0
13181,615.0
19210,1166.0
15256,423.0
456,1881.0
2055,541.0
15419,425.0
4747,2123.0
12253,307.0
10927,563.0
12950,196.0
15851,428.0
11335,453.0
10471,390.0
13257,235.0
14477,2110.0
6593,4541.0
12523,564.0
10801,457.0
17041,2466.0
29,331.0
16156,500.0
736,548.0
12301,583.0
12392,448.0
13742,198.0
14793,350.0
6291,471.0
8425,365.0
11799,612.0
5586,330.0
17457,518.0
18117,564.0
14190,398.0
4026,630.0
10316,435.0
9077,733.0
259,277.0
8847,489.0
11626,2419.0
11013,292.0
4726,482.0
8140,439.0
5175,302.0
8078,451.0
11564,348.0
4529,502.0
20050,1452.0
18682,633.0
2402,567.0
16131,613.0
16286,587.0
13143,473.0
4144,396.0
13938,439.0
4651,2129.0
9733,541.0
492,466.0
4269,261.0
15024,544.0
1739,675.0
12374,1144.0
15544,251.0
3578,457.0
20233,155.0
13827,489.0
20146,394.0
9324,2263.0
11729,366.0
12508,387.0
14088,295.0
14076,991.0
2925,612.0
11661,372.0
5199,1084.0
8890,626.0
19001,743.0
10532,894.0
10422,363.0
3119,175.0
13524,364.0
16354,396.0
4495,857.0
9549,2788.0
20167,604.0
11723,201.0
1465,485.0
3724,402.0
10788,1319.0
12120,465.0
16417,503.0
19760,505.0
4511,274.0
12319,415.0
779,1555.0
2239,311.0
8031,418.0
14715,452.0
20109,410.0
6918,187.0
13754,532.0
18536,2200.0
4318,233.0
5386,354.0
3624,683.0
4633,450.0
17040,331.0
4316,577.0
14242,238.0
5472,382.0
14342,570.0
14648,866.0
6628,1933.0
14795,736.0
5654,439.0
15754,922.0
11872,870.0
7761,559.0
9100,282.0
3467,2620.0
314,351.0
3692,404.0
18544,405.0
5868,1911.0
3739,231.0
12954,366.0
20222,257.0
3597,1325.0
19342,217.0
18044,439.0
3358,475.0
5664,549.0
19193,413.0
1018,1025.0
47,1731.0
3346,404.0
294,1112.0
4754,367.0
16857,310.0
14802,509.0
4504,403.0
8688,346.0
17772,468.0
18864,2142.0
851,1007.0
156,758.0
7653,297.0
15060,1293.0
15326,414.0
9575,1636.0
11787,584.0
11235,384.0
16941,1232.0
3458,1504.0
13164,1721.0
17953,2317.0
12094,260.0
17692,277.0
7103,3355.0
8627,435.0
3958,523.0
7246,827.0
404,742.0
1529,2345.0
16081,520.0
19551,312.0
17888,285.0
15130,1368.0
8183,336.0
16537,684.0
4479,638.0
20652,1467.0
14080,409.0
12489,391.0
11054,507.0
13803,442.0
5287,442.0
7919,443.0
11743,579.0
11031,226.0
20225,3321.0
2015,289.0
4108,481.0
14982,402.0
2223,304.0
6461,912.0
14788,374.0
4443,307.0
11956,1044.0
8635,325.0
13485,366.0
6762,502.0
13882,232.0
8686,207.0
15136,644.0
16182,200.0
13298,227.0
18026,521.0
2295,341.0
13065,606.0
14078,2896.0
9585,440.0
12356,836.0
11647,1779.0
16043,275.0
3542,390.0
6636,505.0
11209,2610.0
12788,3874.0
4060,821.0
3626,2026.0
19919,355.0
15748,742.0
9553,410.0
18038,299.0
18955,928.0
19872,252.0
8607,1657.0
8748,2224.0
5628,598.0
9963,615.0
1219,452.0
19874,609.0
13790,2301.0
19647,733.0
20704,370.0
3766,2531.0
9552,407.0
17071,370.0
16381,206.0
16380,293.0
6856,570.0
17027,593.0
3292,233.0
9769,892.0
8223,487.0
18385,1420.0
15841,412.0
5511,460.0
13959,416.0
16621,394.0
2233,740.0
9466,380.0
20763,535.0
12317,191.0
1733,308.0
20790,391.0
13382,971.0
13174,508.0
16378,575.0
14085,242.0
3575,416.0
19056,410.0
663,494.0
10028,306.0
2172,328.0
4573,524.0
16976,393.0
19138,539.0
12178,441.0
16416,705.0
14547,295.0
20573,383.0
17430,547.0
12398,196.0
18322,247.0
16703,1046.0
3988,343.0
4457,290.0
17854,548.0
10581,437.0
5735,1153.0
9522,430.0
17415,589.0
15704,1929.0
19115,1500.0
1385,421.0
861,327.0
4458,1312.0
3007,1001.0
11219,314.0
6907,524.0
19565,271.0
2237,498.0
15138,421.0
13537,829.0
15707,2038.0
3547,908.0
8343,319.0
554,312.0
11301,550.0
13158,451.0
11528,373.0
11726,403.0
1166,907.0
1191,517.0
15317,222.0
648,236.0
12158,552.0
6007,1092.0
15547,334.0
12515,2439.0
14033,368.0
297,618.0
18733,400.0
6162,202.0
13574,765.0
